{"train_loss": [2.942180204269526, 2.192255655517968, 1.9656364981780576, 1.831942981771191, 1.7293794798424176, 1.640038930241714, 1.5685846043364775, 1.51406157199684, 1.465610404148736, 1.4235638029435103, 1.3787584474019687, 1.339237749424127, 1.3147096303112977, 1.2872606121060792, 1.2584470481518895, 1.2262622736908895, 1.2087145055956243, 1.1834393168044517, 1.1632068622142762, 1.143400209486637, 1.1272865123760976, 1.1114774523183817, 1.098362630742895, 1.085354434254834, 1.0705789749884544, 1.0573102776961558, 1.0439873630433436, 1.040472947270669, 1.0311970828134385, 1.0143775372858852, 1.0105527316212959, 1.0095387294774165, 1.005812727734256, 1.0063886787275524, 0.9949841679209639, 0.9896785850110261, 0.9927236777742195, 0.9831601151115145, 0.9847640456141108, 0.9844388980084978], "test_acc": [91.65, 91.92, 92.06, 91.94, 91.92, 92.03, 91.94, 92.07, 92.06, 92.2, 92.28, 92.27, 92.28, 92.25, 92.24, 92.24, 92.4, 92.5, 92.47, 92.45, 92.56, 92.51, 92.6, 92.68, 92.63, 92.63, 92.59, 92.63, 92.57, 92.77, 92.71, 92.62, 92.6, 92.7, 92.67, 92.63, 92.69, 92.57, 92.67, 92.68], "lr": [0.01, 0.00998458666866564, 0.009938441702975689, 0.009861849601988383, 0.009755282581475769, 0.009619397662556435, 0.00945503262094184, 0.009263200821770462, 0.009045084971874739, 0.008802029828000156, 0.008535533905932738, 0.00824724024165092, 0.007938926261462366, 0.0076124928235797445, 0.007269952498697735, 0.0069134171618254504, 0.006545084971874739, 0.006167226819279529, 0.005782172325201156, 0.005392295478639226, 0.005000000000000001, 0.004607704521360776, 0.004217827674798847, 0.0038327731807204736, 0.003454915028125263, 0.0030865828381745515, 0.0027300475013022664, 0.002387507176420256, 0.002061073738537635, 0.0017527597583490825, 0.0014644660940672629, 0.0011979701719998454, 0.0009549150281252633, 0.0007367991782295391, 0.0005449673790581611, 0.0003806023374435663, 0.00024471741852423234, 0.00013815039801161723, 6.155829702431172e-05, 1.5413331334360186e-05]}